{"count":1,"self":3685.0995199999998,"total":7384.610261,"children":{"InitializeActuators":{"count":5764,"self":0.060639,"total":0.060639,"children":null},"InitializeSensors":{"count":5764,"self":0.117894,"total":0.117894,"children":null},"AgentSendState":{"count":343312,"self":130.30323199999998,"total":623.23350299999993,"children":{"CollectObservations":{"count":5978765,"self":18.326220799999998,"total":18.326221,"children":null},"CollectDiscreteActionMasks":{"count":5978765,"self":15.422988799999999,"total":15.422989,"children":null},"RequestDecision":{"count":5978765,"self":67.242355199999992,"total":459.181062,"children":{"AgentInfo.ToProto":{"count":5978765,"self":41.7830752,"total":391.93870799999996,"children":{"GenerateSensorData":{"count":5978765,"self":104.0321664,"total":350.15563399999996,"children":{"RayPerceptionSensor.Perceive":{"count":5978765,"self":246.12346879999998,"total":246.12346699999998,"children":null}}}}}}}}},"DecideAction":{"count":343312,"self":3019.1341568,"total":3019.134063,"children":null},"AgentAct":{"count":343312,"self":56.446374399999996,"total":56.446372,"children":null},"AgentInfo.ToProto":{"count":6180,"self":0.066030999999999992,"total":0.516667,"children":{"GenerateSensorData":{"count":6180,"self":0.143455,"total":0.450636,"children":{"RayPerceptionSensor.Perceive":{"count":6180,"self":0.307181,"total":0.307181,"children":null}}}}}},"gauges":{"Board.CumulativeReward":{"count":384,"max":2.10800242,"min":-7.531589,"runningAverage":-0.289710075,"value":0.77001673,"weightedAverage":0.0448765047},"Block.CumulativeReward":{"count":44,"max":6.226116,"min":-2.01462865,"runningAverage":2.230858,"value":0.6915005,"weightedAverage":1.29346287}},"metadata":{"timer_format_version":"0.1.0","start_time_seconds":"1604067778","unity_version":"2019.4.3f1","command_line_arguments":"\/Applications\/Unity\/Hub\/Editor\/2019.4.3f1\/Unity.app\/Contents\/MacOS\/Unity -projectpath \/Users\/ttomoaki\/ユニティー(Unity)\/ブロック崩し -useHub -hubIPC -cloudEnvironment production -hubSessionId d53d7ef0-1a5d-11eb-b818-c5794e85090e -accessToken KL2O_wkT36VY06f1ctG5jETbROb98KmR_TI5bw0fTks00ef","communication_protocol_version":"1.1.0","com.unity.ml-agents_version":"1.4.0-preview","scene_name":"SampleScene","end_time_seconds":"1604075162"}}