{"count":1,"self":3202.5194496,"total":5928.944214,"children":{"InitializeActuators":{"count":3874,"self":0.038128999999999996,"total":0.038128999999999996,"children":null},"InitializeSensors":{"count":3874,"self":0.073306,"total":0.073306,"children":null},"AgentSendState":{"count":267641,"self":130.8169344,"total":537.72391499999992,"children":{"CollectObservations":{"count":5717816,"self":17.829372799999998,"total":17.829373,"children":null},"CollectDiscreteActionMasks":{"count":5717816,"self":15.246918399999998,"total":15.246917999999999,"children":null},"RequestDecision":{"count":5717816,"self":61.9675776,"total":373.830688,"children":{"AgentInfo.ToProto":{"count":5182536,"self":38.2902816,"total":311.863112,"children":{"GenerateSensorData":{"count":5182536,"self":90.6434112,"total":273.572829,"children":{"RayPerceptionSensor.Perceive":{"count":4914896,"self":182.9294208,"total":182.929415,"children":null}}}}}}}}},"DecideAction":{"count":267641,"self":2130.963456,"total":2130.963521,"children":null},"AgentAct":{"count":267641,"self":57.291916799999996,"total":57.291916,"children":null},"AgentInfo.ToProto":{"count":3922,"self":0.046798,"total":0.332738,"children":{"GenerateSensorData":{"count":3922,"self":0.092950999999999992,"total":0.28593999999999997,"children":{"RayPerceptionSensor.Perceive":{"count":3870,"self":0.192989,"total":0.192989,"children":null}}}}}},"gauges":{"Board.CumulativeReward":{"count":215,"max":26.0707073,"min":0.7510172,"runningAverage":9.209171,"value":11.7504673,"weightedAverage":11.5160322},"Block.CumulativeReward":{"count":19,"max":13.1347322,"min":0.377494663,"runningAverage":4.39345026,"value":13.1347322,"weightedAverage":7.78278828}},"metadata":{"timer_format_version":"0.1.0","start_time_seconds":"1604053463","unity_version":"2019.4.3f1","command_line_arguments":"\/Applications\/Unity\/Hub\/Editor\/2019.4.3f1\/Unity.app\/Contents\/MacOS\/Unity -projectpath \/Users\/ttomoaki\/ユニティー(Unity)\/ブロック崩し -useHub -hubIPC -cloudEnvironment production -hubSessionId d53d7ef0-1a5d-11eb-b818-c5794e85090e -accessToken KL2O_wkT36VY06f1ctG5jETbROb98KmR_TI5bw0fTks00ef","communication_protocol_version":"1.1.0","com.unity.ml-agents_version":"1.4.0-preview","scene_name":"SampleScene","end_time_seconds":"1604059392"}}