{"count":1,"self":11.3621128,"total":12.462893999999999,"children":{"InitializeActuators":{"count":25,"self":0.0022819999999999997,"total":0.0022819999999999997,"children":null},"InitializeSensors":{"count":25,"self":0.0032189999999999996,"total":0.0032189999999999996,"children":null},"AgentSendState":{"count":581,"self":0.25081,"total":0.846563,"children":{"CollectObservations":{"count":6329,"self":0.033874,"total":0.033874,"children":null},"CollectDiscreteActionMasks":{"count":6329,"self":0.028516999999999997,"total":0.028516999999999997,"children":null},"RequestDecision":{"count":6329,"self":0.132185,"total":0.533362,"children":{"RayPerceptionSensor.Perceive":{"count":6329,"self":0.401177,"total":0.401177,"children":null}}}}},"DecideAction":{"count":581,"self":0.159336,"total":0.159336,"children":null},"AgentAct":{"count":581,"self":0.087400999999999993,"total":0.087400999999999993,"children":null},"RayPerceptionSensor.Perceive":{"count":17,"self":0.00081399999999999994,"total":0.00081399999999999994,"children":null}},"gauges":{"Board.CumulativeReward":{"count":1,"max":-0.5737995,"min":-0.5737995,"runningAverage":-0.5737995,"value":-0.5737995,"weightedAverage":-0.5737995},"Block.CumulativeReward":{"count":6,"max":0.2799988,"min":0.277998865,"runningAverage":0.2783322,"value":0.277998865,"weightedAverage":0.2782098}},"metadata":{"timer_format_version":"0.1.0","start_time_seconds":"1604287140","unity_version":"2019.4.3f1","command_line_arguments":"\/Applications\/Unity\/Hub\/Editor\/2019.4.3f1\/Unity.app\/Contents\/MacOS\/Unity -projectpath \/Users\/ttomoaki\/ユニティー(Unity)\/ブロック崩し -useHub -hubIPC -cloudEnvironment production -hubSessionId 7721edf0-1cb6-11eb-95e0-0d33811454ea -accessToken 1aC1a2TxhEqRTnXej7iGDRm7A5dpWzkCTP1hNlLtXfc00ef","communication_protocol_version":"1.1.0","com.unity.ml-agents_version":"1.4.0-preview","scene_name":"SampleScene","end_time_seconds":"1604287152"}}